event_link	title	address
https://tomtomfestival2026.sched.com/event/2IqF3/the-future-of-our-workforce-in-the-age-of-ai-a-conversation-with-senator-mark-warner	The Future of our Workforce in the Age of AI: A Conversation with Senator Mark Warner	240 W Main St, Charlottesville, VA 22902
https://tomtomfestival2026.sched.com/event/2Iz6I/spotlight-virginia-leading-the-way-in-resilience-and-climate-tech	Spotlight: Virginia Leading the Way in Resilience and Climate Tech	240 W Main St, Charlottesville, VA 22902
https://tomtomfestival2026.sched.com/event/2Ehgw/downtown-mall-block-party	Downtown Mall Block Party!	E Main St, Charlottesville, VA 22902
https://tomtomfestival2026.sched.com/event/2JSNx/lunch-learn-private-public-partnerships-to-reimagine-public-housing-in-charlottesville	Lunch & Learn: Private-Public Partnerships to Reimagine Public Housing in Charlottesville	240 W Main St, Charlottesville, VA 22902
https://tomtomfestival2026.sched.com/event/2EhXn/west-stage-dj-c-lew-dj-inferno	WEST STAGE | DJ C-Lew & DJ Inferno	E Main St, Charlottesville, VA 22902
https://tomtomfestival2026.sched.com/event/2Ehgz/downtown-mall-block-party	Downtown Mall Block Party!	E Main St, Charlottesville, VA 22902
https://tomtomfestival2026.sched.com/event/2JGXG/west-stage-fuego-dance-team	WEST STAGE | Fuego Dance Team	E Main St, Charlottesville, VA 22902
https://tomtomfestival2026.sched.com/event/2IxGN/uva-e-cup-100k-in-prize-money	UVA E-Cup, $100k in Prize Money	240 W Main St, Charlottesville, VA 22902
https://tomtomfestival2026.sched.com/event/2Iu6f/democracy-requires-courage-why-civics-matter-more-than-ever	Democracy Requires Courage: Why Civics Matter More Than Ever	240 W Main St, Charlottesville, VA 22902
https://tomtomfestival2026.sched.com/event/2IpI7/west-stage-todd-albright	WEST STAGE | Todd Albright	E Main St, Charlottesville, VA 22902
https://tomtomfestival2026.sched.com/event/2IuRe/why-isnt-housing-affordable-the-cost-of-community-scarcity	Why isn’t Housing Affordable: The Cost of Community Scarcity	240 W Main St, Charlottesville, VA 22902
[TomTomFestivalEventWebsite] rejected address, clearing: 'Various Porches'
https://tomtomfestival2026.sched.com/event/2Ehe2/porchella-annual-belmont-front-porch-concert-series	PORCHELLA | Annual Belmont Front Porch Concert Series	
https://tomtomfestival2026.sched.com/event/2Iz3N/spotlight-ai-+-entrepreneurship	Spotlight: AI + Entrepreneurship	240 W Main St, Charlottesville, VA 22902
https://tomtomfestival2026.sched.com/event/2JGXa/west-stage-latin-social-dancing-giveaways	WEST STAGE | Latin Social Dancing & Giveaways	E Main St, Charlottesville, VA 22902
https://tomtomfestival2026.sched.com/event/2EhW0/west-stage-with-the-front-porch	WEST STAGE | with the Front Porch	E Main St, Charlottesville, VA 22902
https://tomtomfestival2026.sched.com/event/2Iscy/central-stage-on-the-one-dance-group	CENTRAL STAGE | On the One Dance Group	101 E Market St, Charlottesville, VA 22902
https://tomtomfestival2026.sched.com/event/2IuQv/placemaking-the-downtown-mall-at-50-and-the-future-of-charlottesville	Placemaking - The Downtown Mall at 50 and the Future of Charlottesville	240 W Main St, Charlottesville, VA 22902
https://tomtomfestival2026.sched.com/event/2Iq4v/spotlight-defense-intelligence-activating-scaling-and-growing-central-virginias-innovation-economy	Spotlight: Defense & Intelligence: Activating, Scaling, and Growing Central Virginia’s Innovation Economy	240 W Main St, Charlottesville, VA 22902
https://tomtomfestival2026.sched.com/event/2Iplc/central-stage-skank	CENTRAL STAGE | Skank	101 E Market St, Charlottesville, VA 22902
https://tomtomfestival2026.sched.com/event/2EhdA/west-stage-jmu-latin-dance-club	WEST STAGE | JMU Latin Dance Club	E Main St, Charlottesville, VA 22902
https://tomtomfestival2026.sched.com/event/2IzA1/powering-the-next-economy-energy-ai-and-the-infrastructure-of-the-future	Powering the Next Economy: Energy, AI, and the Infrastructure of the Future	240 W Main St, Charlottesville, VA 22902
https://tomtomfestival2026.sched.com/event/2Isco/central-stage-cville-drum-circle	CENTRAL STAGE | Cville Drum Circle	101 E Market St, Charlottesville, VA 22902
https://tomtomfestival2026.sched.com/event/2IsdG/central-stage-darrell-rose-the-reggae-ambassadors	CENTRAL STAGE | Darrell Rose & the Reggae Ambassadors	101 E Market St, Charlottesville, VA 22902
https://tomtomfestival2026.sched.com/event/2IqBc/courage-is-the-first-ingredient-the-larabar-founding-story-and-building-companies-with-intention	Courage is the First Ingredient: The LÄRABAR Founding Story and Building Companies With Intention	240 W Main St, Charlottesville, VA 22902
https://tomtomfestival2026.sched.com/event/2IpIC/west-stage-dj-williams	WEST STAGE | DJ Williams	E Main St, Charlottesville, VA 22902
https://tomtomfestival2026.sched.com/event/2Iplr/downtown-mall-block-party-elby-brass-parade	Downtown Mall Block Party | Elby Brass Parade	E Main St, Charlottesville, VA 22902
https://tomtomfestival2026.sched.com/event/2IsdO/central-stage-mighty-joshua	CENTRAL STAGE | Mighty Joshua	101 E Market St, Charlottesville, VA 22902
https://tomtomfestival2026.sched.com/event/2Ehh8/central-stage-brass-ska-stage	CENTRAL STAGE | Brass & Ska Stage	101 E Market St, Charlottesville, VA 22902
https://tomtomfestival2026.sched.com/event/2Iz6d/leading-with-courage-building-durable-companies	Leading with Courage: Building Durable Companies	240 W Main St, Charlottesville, VA 22902
https://tomtomfestival2026.sched.com/event/2IpI9/west-stage-richelle-claiborne-friends	WEST STAGE | Richelle Claiborne & Friends	E Main St, Charlottesville, VA 22902
https://tomtomfestival2026.sched.com/event/2Iz5J/fireside-chat-the-luminoah-story-from-a-sons-rare-tumor-diagnosis-to-a-medical-breakthrough	Fireside Chat: The Luminoah Story - From a Son’s Rare Tumor Diagnosis to a Medical Breakthrough	240 W Main St, Charlottesville, VA 22902
https://tomtomfestival2026.sched.com/event/2JNJM/innovation-summit-welcome	Innovation Summit | Welcome	240 W Main St, Charlottesville, VA 22902
https://tomtomfestival2026.sched.com/event/2JOMZ/pitch-fest-a-civic-storytelling-lab-with-c-ville-weekly	Pitch Fest - A Civic Storytelling Lab with C-VILLE Weekly	240 W Main St, Charlottesville, VA 22902
https://tomtomfestival2026.sched.com/event/2Ehh5/ting-pavillion-rb-+-dance	TING PAVILLION | R&B + Dance	700 E Main St, Charlottesville, VA 22902
https://tomtomfestival2026.sched.com/event/2IpHy/west-stage-arthur-terembula	WEST STAGE | Arthur Terembula	E Main St, Charlottesville, VA 22902
https://tomtomfestival2026.sched.com/event/2Ipli/central-stage-elby-brass	CENTRAL STAGE | Elby Brass	101 E Market St, Charlottesville, VA 22902
https://tomtomfestival2026.sched.com/event/2Ehd7/west-stage-learn-to-salsa-w-uva-salsa-club	WEST STAGE | Learn to Salsa w. UVA Salsa Club	E Main St, Charlottesville, VA 22902
https://tomtomfestival2026.sched.com/event/2EhdJ/west-stage-uva-salsa-club	WEST STAGE | UVA Salsa Club	E Main St, Charlottesville, VA 22902
https://tomtomfestival2026.sched.com/event/2JGWI/west-stage-social-dancing-with-dj-x	WEST STAGE | Social Dancing with DJ X	E Main St, Charlottesville, VA 22902
https://tomtomfestival2026.sched.com/event/2IuNY/how-peer-cities-are-innovating-think-tanks-data-coalitional-action	How Peer Cities Are Innovating: Think Tanks, Data, & Coalitional Action	240 W Main St, Charlottesville, VA 22902
https://tomtomfestival2026.sched.com/event/2IH8z/central-stage-reggae-stage	CENTRAL STAGE | Reggae Stage	101 E Market St, Charlottesville, VA 22902
https://tomtomfestival2026.sched.com/event/2IqVy/beyond-the-lab-nasa-technologies-powering-the-next-generation-of-startups	Beyond the Lab: NASA Technologies Powering the Next Generation of Startups	240 W Main St, Charlottesville, VA 22902
https://tomtomfestival2026.sched.com/event/2IsdA/central-stage-dj-joshua-crenshaw	CENTRAL STAGE | DJ Joshua Crenshaw	101 E Market St, Charlottesville, VA 22902
https://tomtomfestival2026.sched.com/event/2EhW3/west-stage-latin-partner-dance-and-more	WEST STAGE | Latin Partner Dance And More!	E Main St, Charlottesville, VA 22902
